{"cameraMode":{"drawMode":0,"name":"Shaded","section":"Shading Mode"},"sceneLighting":true,"audioPlay":false,"sceneViewState":{"m_AlwaysRefresh":false,"showFog":true,"showSkybox":false,"showFlares":true,"showImageEffects":true,"showParticleSystems":true,"showVisualEffectGraphs":true,"m_FxEnabled":true},"in2DMode":false,"pivot":{"x":4.7571821212768559,"y":-1.450273871421814,"z":-0.39612454175949099},"rotation":{"x":0.2667735517024994,"y":0.14674445986747743,"z":-0.041132569313049319,"w":0.9516575932502747},"size":0.2817445993423462,"orthographic":false}