{"cameraMode":{"drawMode":0,"name":"Shaded","section":"Shading Mode"},"sceneLighting":true,"audioPlay":false,"sceneViewState":{"m_AlwaysRefresh":false,"showFog":true,"showSkybox":false,"showFlares":true,"showImageEffects":true,"showParticleSystems":true,"showVisualEffectGraphs":true,"m_FxEnabled":true},"in2DMode":false,"pivot":{"x":-4.494222164154053,"y":-1.3250374794006348,"z":-0.3031715154647827},"rotation":{"x":0.0007292285445146263,"y":-0.9983935952186585,"z":-0.013170044869184494,"w":-0.0551753006875515},"size":1.4766573905944825,"orthographic":false}