{"cameraMode":{"drawMode":0,"name":"Shaded","section":"Shading Mode"},"sceneLighting":true,"audioPlay":false,"sceneViewState":{"m_AlwaysRefresh":false,"showFog":true,"showSkybox":false,"showFlares":true,"showImageEffects":true,"showParticleSystems":true,"showVisualEffectGraphs":true,"m_FxEnabled":true},"in2DMode":false,"pivot":{"x":4.112797737121582,"y":3.7548160552978517,"z":-13.639191627502442},"rotation":{"x":0.12899962067604066,"y":0.8657687902450562,"z":-0.2863975465297699,"w":0.38972949981689455},"size":0.18048736453056336,"orthographic":true}