{"cameraMode":{"drawMode":0,"name":"Shaded","section":"Shading Mode"},"sceneLighting":false,"audioPlay":false,"sceneViewState":{"m_AlwaysRefresh":false,"showFog":true,"showSkybox":false,"showFlares":true,"showImageEffects":true,"showParticleSystems":true,"showVisualEffectGraphs":true,"m_FxEnabled":true},"in2DMode":false,"pivot":{"x":2.7039999961853029,"y":0.49000000953674319,"z":1.7899999618530274},"rotation":{"x":-0.036019112914800647,"y":0.27694568037986758,"z":-0.010408982634544373,"w":-0.9602120518684387},"size":0.9178779125213623,"orthographic":true}