{"cameraMode":{"drawMode":0,"name":"Shaded","section":"Shading Mode"},"sceneLighting":true,"audioPlay":false,"sceneViewState":{"m_AlwaysRefresh":false,"showFog":true,"showSkybox":true,"showFlares":true,"showImageEffects":true,"showParticleSystems":true,"showVisualEffectGraphs":true,"m_FxEnabled":true},"in2DMode":false,"pivot":{"x":-1135.9630126953125,"y":167.89181518554688,"z":449.56097412109377},"rotation":{"x":0.06554265320301056,"y":0.8071082234382629,"z":-0.09126831591129303,"w":0.5796158313751221},"size":746.6967163085938,"orthographic":true}