{"cameraMode":{"drawMode":0,"name":"Shaded","section":"Shading Mode"},"sceneLighting":true,"audioPlay":false,"sceneViewState":{"m_AlwaysRefresh":false,"showFog":true,"showSkybox":false,"showFlares":true,"showImageEffects":true,"showParticleSystems":true,"showVisualEffectGraphs":true,"m_FxEnabled":true},"in2DMode":false,"pivot":{"x":0.46523547172546389,"y":-1.4683740139007569,"z":0.8647823333740234},"rotation":{"x":-0.06472358852624893,"y":0.8857977390289307,"z":-0.13008096814155579,"w":-0.44074341654777529},"size":1.545973777770996,"orthographic":false}